INSERT INTO `form` (`id`, `form_id`, `form_name`) VALUES (1, 'MUNICIPALITY_RESIDENT_FORM', 'Municipality Residents Information Form');

INSERT INTO `options` (`option_id`, `option_text`, `question_id`) VALUES
	(1, 'धारा', 'water'),
	(2, 'इनार', 'water'),
	(3, 'अन्य', 'water'),
	(1, 'ढल', 'outlet'),
	(2, 'सेफ्टी ट्याङ्की', 'outlet'),
	(3, 'छैन', 'outlet'),
	(1, 'मोटर', 'vehicle'),
	(2, 'मोटर साइकल', 'vehicle'),
	(3, 'साइकल', 'vehicle'),
	(4, 'अन्य', 'vehicle'),
	(5, 'छैन', 'vehicle'),
	(1, 'आर. सि. सि ढलान', 'Roof_type'),
	(2, 'माटोको छाना', 'Roof_type'),
	(3, 'जस्ता वा च्याटर छाना', 'Roof_type'),
	(4, 'टायल वा ढुंगाको छाना', 'Roof_type'),
	(5, 'अन्य', 'Roof_type'),
	(1, 'माटो वा ढुंगा', 'foundation_type'),
	(2, 'सिमेन्ट र ढुंगा', 'foundation_type'),
	(3, 'फ्रेम स्ट्रकचर', 'foundation_type'),
	(4, 'लोड वायरिङ्ग', 'foundation_type'),
	(5, 'काठको खम्बा', 'foundation_type'),
	(6, 'अन्य', 'foundation_type'),
	(1, 'छ', 'EQ_proof'),
	(2, 'छैन', 'EQ_proof'),
	(3, 'अन्य', 'EQ_proof'),
	(1, 'घर', 'EQ_Effect'),
	(2, 'गाई वस्तु', 'EQ_Effect'),
	(3, 'खेतीपाती', 'EQ_Effect'),
	(4, 'मानव', 'EQ_Effect'),
	(5, 'छैन', 'EQ_Effect'),
	(1, 'छ', 'Re_construction'),
	(2, 'छैन', 'Re_construction'),
	(3, 'अन्य', 'Re_construction'),
	(1, 'छ', 'Risk_type'),
	(2, 'छैन', 'Risk_type'),
	(1, 'स्थानिय सरकार', 'Rescuer_first'),
	(2, 'गैर-सरकारी संस्था', 'Rescuer_first'),
	(3, 'गुँठि', 'Rescuer_first'),
	(4, 'अन्य', 'Rescuer_first'),
	(1, 'बाढि वा डुवान', 'Risks_rating'),
	(2, 'पहिरो', 'Risks_rating'),
	(3, 'आगलागी', 'Risks_rating'),
	(4, 'दुरघटना (सडक)', 'Risks_rating'),
	(5, 'भुकम्प', 'Risks_rating'),
	(6, 'धुवा-धुलो', 'Risks_rating'),
	(7, 'महामारी', 'Risks_rating'),
	(1, 'छ', 'Risk_precautions'),
	(2, 'छैन', 'Risk_precautions'),
	(1, 'गल्फ', 'Foreign_employment'),
	(2, 'युरोप', 'Foreign_employment'),
	(3, 'एशिया', 'Foreign_employment'),
	(4, 'अन्य', 'Foreign_employment'),
	(5, 'छैन', 'Foreign_employment'),	
	(1, 'अष्ट्रेलिया', 'Foreign_education'),
	(2, 'यु . के .', 'Foreign_education'),
	(3, 'यु . एस . ए.', 'Foreign_education'),
	(4, 'अन्य', 'Foreign_education'),
	(5, 'छैन', 'Foreign_education'),
	(1, 'दैनिक ज्यालादारी', 'child_labour'),
	(2, 'कलकारखाना मजदुर', 'child_labour'),
	(3, 'यातायात मजदुर', 'child_labour'),
	(4, 'उत्पादक मजदुर', 'child_labour'),
	(5, 'घरेलु कामदार', 'child_labour'),
	(6, 'अन्य', 'child_labour'),
	(7, 'छैन', 'child_labour'),
	(1, 'मल बनाउने', 'waste_management'),
	(2, 'निजी संकलन', 'waste_management'),
	(3, 'नगरको गाडीमा पठाउने', 'waste_management'),
	(4, 'अन्य', 'waste_management'),
	(1, 'बिधुत', 'electricity'),
	(2, 'जेनेरेटर', 'electricity'),
	(3, 'गोबर ग्याँस', 'electricity'),
	(4, 'सोलार', 'electricity'),
	(5, 'मट्टितेल', 'electricity'),
	(6, 'इन्भटर अथवा ब्याट्री', 'electricity'),
	(7, 'अन्य', 'electricity'),
	(8, 'छैन', 'electricity'),
	(1, 'एल. पी. ग्याँस', 'cooking_fuel'),
	(2, 'मट्टितेल', 'cooking_fuel'),
	(3, 'दाउरा', 'cooking_fuel'),
	(4, 'अन्य', 'cooking_fuel'),
	(1, 'टेलिफोन', 'communication_devices'),
	(2, 'इन्टरनेट', 'communication_devices'),
	(3, 'मोबाईल', 'communication_devices'),
	(4, 'टेलिभिजन', 'communication_devices'),
	(5, 'रेडियो', 'communication_devices'),
	(6, 'अन्य', 'communication_devices'),
	(7, 'छैन', 'communication_devices'),
	(1, '१ रोपनी भन्दा कम' , 'Houseland_info'),
	(2, '१-५ रोपनी' , 'Houseland_info'),
	(3, '५-१० रोपनी' , 'Houseland_info'),
	(4, '१० रोपनी भन्दा माथी' , 'Houseland_info'),
	(1, '१,००,०००/- भन्दा कम', 'annual_income'),
	(2, '१,००,००१/- देखि २,५०,०००/-', 'annual_income'),
	(3, '२,५०,००१/- देखि ४,००,०००/-', 'annual_income'),
	(4, '४,००,००१/- देखि ६,००,०००/-', 'annual_income'),
	(5, '६,००,००१/- देखि ८,००,०००/-', 'annual_income'),
	(6, '८,००,००१/- भन्दा माथि', 'annual_income'),
	(1, '१,००,०००/- भन्दा कम', 'annual_expense'),
	(2, '१,००,००१/- देखि २,५०,०००/-', 'annual_expense'),
	(3, '२,५०,००१/- देखि ४,००,०००/-', 'annual_expense'),
	(4, '४,००,००१/- देखि ६,००,०००/-', 'annual_expense'),
	(5, '६,००,००१/- देखि ८,००,०००/-', 'annual_expense'),
	(6, '८,००,००१/- भन्दा माथि', 'annual_expense'),
	(1, 'गाई', 'cattles'),
	(2, 'भैँसी', 'cattles'),
	(3, 'गोरु', 'cattles'),
	(4, 'बाख्रा', 'cattles'),
	(5, 'बोका', 'cattles'),
	(6, 'भेडा', 'cattles'),
	(7, 'च्याङग्रा', 'cattles'),
	(8, 'कुकुर', 'cattles'),
	(9, 'हाँस', 'cattles'),
	(10, 'कुखुरा', 'cattles'),
	(11, 'अन्य', 'cattles'),
	(12, 'छैन', 'cattles'),
	(1, '३ महिना', 'production_lasting_time'),
	(2, '४-६ महिना', 'production_lasting_time'),
	(3, '७-९ महिना', 'production_lasting_time'),
	(4, '९ महिना भन्दा बढी', 'production_lasting_time'),
	(1, 'छ', 'skill_training'),
	(2, 'छैन', 'skill_training'),
	(1, 'नागरिकता', 'documents_obtained'),
	(2, 'नाता प्रमाण-पत्र', 'documents_obtained'),
	(3, 'पास भएको घरको नक्सा', 'documents_obtained'),
	(4, 'अन्य', 'documents_obtained'),
	(1, 'नेपाली', 'Mother_togue'),
	(2, 'मैथिली', 'Mother_togue'),
	(3, 'भोजपुरी', 'Mother_togue'),
	(4, 'थारु', 'Mother_togue'),
	(5, 'तामाङ', 'Mother_togue'),
	(6, 'नेवार', 'Mother_togue'),
	(7, 'मगर', 'Mother_togue'),
	(8, 'बज्जिका', 'Mother_togue'),
	(9, 'उर्दु', 'Mother_togue'),
	(10, 'अवाधी', 'Mother_togue'),
	(11, 'लिम्बु', 'Mother_togue'),
	(12, 'गुरुङ', 'Mother_togue'),
	(13, 'अन्य', 'Mother_togue'),
	(1, 'क्षत्री', 'Caste'),
	(2, 'ब्राह्मण', 'Caste'),
	(3, 'मगर', 'Caste'),
	(4, 'थारु', 'Caste'),
	(5, 'तामाङ', 'Caste'),
	(6, 'नेवार', 'Caste'),
	(7, 'कामी', 'Caste'),
	(8, 'दमाई', 'Caste'),
	(9, 'सार्की', 'Caste'),
	(10, 'नेपाली मुस्लीम', 'Caste'),
	(11, 'यादव', 'Caste'),
	(12, 'राई', 'Caste'),
	(13, 'अन्य', 'Caste'),
	(1, 'हिन्दु', 'Religion'),
	(2, 'बुद्धिस्ट', 'Religion'),
	(3, 'मुस्लिम', 'Religion'),
	(4, 'किँरात', 'Religion'),
	(5, 'क्रिश्चियन', 'Religion'),
	(6, 'अन्य', 'Religion');

INSERT INTO `question` (`question_id`, `description`, `group`, `required`, `type_id`, `form_id`, `reportable`) VALUES
	('Owner_name', 'घरमूलीको नाम', 'व्यक्तिगत', 2, 3, 1, 0),
	('Tole', 'टोल', 'व्यक्तिगत', 2, 3, 1, 0),
	('resident_ward_no', 'वडा नं', 'व्यक्तिगत', '2', '4', '1', 0),
	('House_no', 'घर नं', 'व्यक्तिगत', 2, 4, 1, 0),
	('Phone_no', 'फोन नं', 'व्यक्तिगत', 1, 4, 1, 0),
	('Father_name', 'बुबाको नाम', 'व्यक्तिगत', 2, 3, 1, 0),
	('Mother_name', 'आमाको नाम', 'व्यक्तिगत', 2, 3, 1, 0),
	('Mother_togue', 'मातृभाषा', 'व्यक्तिगत', 2, 13, 1, 0),
	('Caste', 'जाति', 'व्यक्तिगत', 2, 13, 1, 0),
	('Religion', 'धर्म', 'व्यक्तिगत', 2, 13, 1, 0),
	('Citizenship_no', 'नागरिकता नं', 'व्यक्तिगत', 2, 4, 1, 0),
	('citizenship_district', 'नागरिकता लिएको जिल्ला', 'व्यक्तिगत', 2, 14, 1, 0),
	('kitta_number', 'कित्ता नं', 'घर विवरण', 2, 4, 1, 0),
	('house_count', 'घर संख्या', 'घर विवरण', 2, 4, 1, 0),
	('business', 'व्यवसाय', 'घर विवरण', 1, 8, 1, 0),
	('businessman', 'व्यवसायी', 'घर विवरण', 1, 3, 1, 0),
	('bphone_no', 'फोन नं', 'घर विवरण', 1, 4, 1, 0),
	('house_storey', 'घरको तल्ला', 'घर विवरण', 2, 4, 1, 0),
	('water', 'पानी', 'घर विवरण', 2, 1, 1, 0),
	('outlet', 'निकास', 'घर विवरण', 2, 1, 1, 0),
	('vehicle', 'सवारी साधन', 'घर विवरण', 2, 12, 1, 1),
	('Roof_type', 'घरको छानाको प्रकार', 'घर विवरण', 2, 2, 1, 0),
	('foundation_type', 'घरको जगको प्रकार', 'घर विवरण', 2, 2, 1, 0),
	('EQ_proof', 'घर भुकम्प प्रतिरोधात्मक', 'घर विवरण', 2, 2, 1, 0),
	('EQ_Effect', 'तपाईको घर वा परिवारलाई २०७२ सालको भुकम्पले के-कस्तो क्षेती पुर्यायो?', 'घर विवरण', 2, 1, 1, 0),
	('Re_construction', 'घर क्षती भएको भए पुनः निर्माण गर्नु भयो?', 'घर विवरण', 1, 2, 1, 0),
	('Risk_type', 'तपाईको घर परिवारलाई अहिले कुनै प्रकारको जोखिम छ?', 'जोखिम', 1, 9, 1, 0),
	('Rescuer_first', 'जोखिमको समयमा सबैभन्दा पहिलो उद्धार कसले गरेको थियो?', 'जोखिम', 2, 2, 1, 0),
	('Risk_type_5yrs', 'पछिल्लो ५ वर्षमा तपाईको घर परिवारले कस्तो किसिमका जोखिम सामना गर्नु पर्यो?', 'जोखिम', 1, 3, 1, 0),
	('Risks_rating', 'तपाईको विचारमा यस क्षेत्रमा तलका मध्ये कुन-कुन जोखिमको खतरा उच्च छ? (१ देखि ७ सम्म स्तरीकरण गर्नुहोस्। १ लाई उच्च र ७ लाई न्युन जोखिम मान्नुहोस्) ', 'जोखिम', 2, 10, 1, 0),
	('Risk_precautions', 'भविष्यमा हुन सक्ने जोखिम नियन्त्रणको लागि के-कस्तो पुर्व तयारी गर्नु भएको छ?', 'जोखिम', 1, 9, 1, 0),
	('Foreign_employment', 'वैदेशिक रोजगार', 'उपयोगिता', 2, 12, 1, 1),
	('Foreign_education', 'वैदेशिक अध्ययन', 'उपयोगिता', 2, 12, 1, 1),
	('child_labour', '१६ वर्ष सम्मका बालबालिका अन्य ठाँउमा काम गर्न गएका छन्?', 'उपयोगिता', 2, 12, 1, 0),
	('waste_management', 'घरबाट उत्पादन भएको फोहोरको ब्यबस्था', 'उपयोगिता', 2, 1, 1, 0),
	('electricity', 'बत्ती', 'उपयोगिता', 2, 1, 1, 0),
	('cooking_fuel', 'खाना पकाउन पर्योग हुने इन्धन', 'उपयोगिता', 2, 1, 1, 1),
	('communication_devices', 'सञ्चार सुविधा', 'उपयोगिता', 2, 1, 1, 0),
	('Houseland_info', 'घर जग्गाको विवरण', 'उपयोगिता', 2, 2, 1, 0),
	('annual_income', 'वार्षिक आम्दानी', 'आर्थिक', 2, 2, 1, 1),
	('annual_expense', 'वार्षिक खर्च', 'आर्थिक', 2, 2, 1, 1),
	('cattles', 'चौपाया तथा पशुपंक्षी', 'आर्थिक', 2, 12, 1, 0),
	('production_lasting_time', 'आफ्नो उत्पादन तथा आय स्रोतले कति महिना खान पुग्छ?', 'आर्थिक', 2, 2, 1, 0),
	('skill_training', 'सिप तालिम पहिला लिनुभएको छ?', 'आर्थिक', 2, 2, 1, 0),
	('skill_training_in_future', 'भविष्यमा कस्तो सिप तालिम गर्नु पर्ला?', 'आर्थिक', 2, 3, 1, 0),
	('documents_obtained', 'कागजातहरु', 'कागजात', 2, 1, 1, 0),
	('citizenship_photo', 'नागरिकताको फोटो', 'कागजात', '1', '7', '1', 0),
	('relationship_proof_photo', 'नाता प्रमाण-पत्रको फोटो', 'कागजात', '1', '7', '1', 0),
	('building_map_photo', 'पास भएको घरको नक्साको फोटो', 'कागजात', '1', '7', '1', 0),
	('other_document_photo', 'अन्य कागजातको फोटो', 'कागजात', '1', '7', '1', 0),
	('gps_info', 'GPS co-ordinate', 'सर्वेक्षण विवरण', 2, 6, 1, 0),
	('house_owner_photo', 'Photo of house owner', 'सर्वेक्षण विवरण', 2, 7, 1, 0);
	
	


INSERT INTO `family_relation` (`relation_id`, `relation_nepali`, `relation_english`) VALUES
	(1, 'आफु', 'Self'),
	(2, 'हजुर बुबा', 'Grandfather'),
	(3, 'हजुर आमा', 'Grandmother'),
	(4, 'बुबा', 'Father'),
	(5, 'आमा', 'Mother'),
	(6, 'श्रीमान', 'Husband'),
	(7, 'श्रीमती', 'Wife'),
	(8, 'छोरा', 'Son'),
	(9, 'छोरी', 'Daughter'),
	(10, 'नाति', 'Grandson'),
	(11, 'नातिनी', 'Granddaughter'),
	(12, 'दाइ', 'Brother(elder)'),
	(13, 'भाइ', 'Brother(younger)'),
	(14, 'दिदी', 'Sister(elder)'),
	(15, 'बहिनी', 'Sister(younger)'),
	(16, 'बुहारी', 'Daughter-in-law'),
	(17, 'ज्वाँइ', 'Son-in-law'),
	(18, 'भाउजु', 'Sister-in-law'),
	(19, 'भान्जा ', 'Nephew (Maternal)'),
	(20, 'भान्जी', 'Niece (Maternal)'),
	(21, 'भतिजा', 'Nephew (Paternal)'),
	(22, 'भतिजी', 'Niece (Paternal)'),
	(23, 'सासु', 'Mother-in-law'),
	(24, 'ससुरा', 'Father-in-law'),
	(25, 'अन्य', 'other');


	INSERT INTO `academic_qualification` (`qualification_id`, `qualification_nep`, `qualification_eng`) VALUES
	(1, 'पिएचडि', 'phd'),
	(2, 'एमफिल', 'mphil'),
	(3, 'मास्टर डिग्री(स्नातकोत्तर)', 'masters'),
	(4, 'स्नातक', 'bachelors'),
	(5, 'उच्च विद्यालय', 'high school'),
	(6, 'माध्यामिक', 'secondary'),
	(7, 'तल्लो माध्यामिक', 'lower secondary'),
	(8, 'प्राथमिक', 'primary'),
	(9, 'सामान्य शिक्षा', 'literate'),
	(10, 'असाक्षर', 'Iliterate');


	INSERT INTO `gender` (`gender_id`, `gender_english`, `gender_nepali`) VALUES
	(1, 'Male', 'पुरुष'),
	(2, 'Female', 'महिला'),
	(3, 'Other', 'अन्य');
	
	
	INSERT INTO `districts` (`district_id`, `district_name_eng`, `district_name_nep`) VALUES 
	(1,'Achham','अछाम'),
	(2,'Arghakhanchi','अर्घाखाँची'),
	(3,'Baglung','बागलुङ'),
	(4,'Baitadi','बैतडी'),
	(5,'Bajhang','बझाङ'),
	(6,'Bajura','बाजुरा '),
	(7,'Banke','बाँके'),
	(8,'Bara','बारा'),
	(9,'Bardiya','बर्दिया'),
	(10,'Bhaktapur','भक्तपुर'),
	(11,'Bhojpur','भोजपुर'),
	(12,'Chitwan','चितवन'),
	(13,'Dadeldhura','डडेलधुरा'),
	(14,'Dailekh','दैलेख'),
	(15,'Dang Deukhuri','दाङ देउखुरी'),
	(16,'Darchula','दार्चुला'),
	(17,'Dhading','धादिङ '),
	(18,'Dhankuta','धनकुटा'),
	(19,'Dhanusa','धनुषा'),
	(20,'Dolakha','दोलखा'),
	(21,'Dolpa','डोल्पा'),
	(22,'Doti','डोटी'),
	(23,'Gorkha','गोरखा'),
	(24,'Gulmi','गुल्मी'),
	(25,'Humla','हुम्ला'),
	(26,'Ilam','इलाम'),
	(27,'Jajarkot','जाजरकोट'),
	(28,'Jhapa','झापा'),
	(29,'Jumla','जुम्ला'),
	(30,'Kailali','कैलाली'),
	(31,'Kalikot','कालिकोट'),
	(32,'Kanchanpur','कंचनपुर '),
	(33,'Kapilvastu','कपिलवस्तु '),
	(34,'Kaski','कास्की'),
	(35,'Kathmandu','काठमाडौँ'),
	(36,'Kavrepalanchok','काभ्रेकाभ्रेपलान्चोक'),
	(37,'Khotang','खोटाँग'),
	(38,'Lalitpur','ललितपुर'),
	(39,'Lamjung','लमजुङ'),
	(40,'Mahottari','महोत्तरी'),
	(41,'Makwanpur','मकवानपुर'),
	(42,'Manang','मनाङ'),
	(43,'Morang','मोरंग'),
	(44,'Mugu','मुगु'),
	(45,'Mustang','मुस्ताङ'),
	(46,'Myagdi','म्याग्दी'),
	(47,'Nawalparasi East','नवलपरासी पूर्व'),
	(48,'Nawalparasi West','नवलपरासी पश्चिम'),
	(49,'Nuwakot','नुवाकोट'),
	(50,'Okhaldhunga','ओखलढुंगा'),
	(51,'Palpa','पाल्पा'),
	(52,'Panchthar','पांचथर'),
	(53,'Parbat','पर्वत'),
	(54,'Parsa','पर्सा'),
	(55,'Pyuthan','प्युठान'),
	(56,'Ramechhap','रामेछाप'),
	(57,'Rasuwa','रसुवा'),
	(58,'Rautahat','रौतहट'),
	(59,'Rolpa','रोल्पा'),
	(60,'Rukum East','रूकुम पूर्वी'),
	(61,'Rukum West','रूकुम पश्चिम'),
	(62,'Rupandehi','रुपन्देही'),
	(63,'Salyan','सल्यान '),
	(64,'Sankhuwasabha','संखुवासभा'),
	(65,'Saptari','सप्तरी'),
	(66,'Sarlahi','सर्लाही'),
	(67,'Sindhuli','सिन्धुली'),
	(68,'Sindhupalchok','सिन्धुपाल्चोक'),
	(69,'Siraha','सिराहा'),
	(70,'Solukhumbu','सोलुखुम्बू'),
	(71,'Sunsari','सुनसरी'),
	(72,'Surkhet','सुर्खेत'),
	(73,'Syangja','स्याङग्जा'),
	(74,'Tanahu','तनहुँ'),
	(75,'Taplejung','ताप्लेजुंग '),
	(76,'Tehrathum','तेह्रथुम'),
	(77,'Udayapur','उदयपुर');
	
	
	INSERT INTO `favourite_place_type` (`type_id`, `place_type_nep`, `place_type_eng`) VALUES
	(1, 'मन्दिर', 'Temple'),
	(2, 'पार्क', 'Park'),
	(3, 'पोखरी', 'Pond'),
	(4, 'स्मारक', 'Monument'),
	(5, 'मूर्ति', 'Statue');
	
	INSERT INTO `marital_status` (`marital_status_id`, `marital_status_nep`, `marital_status_eng`) VALUES
	(1, 'विवाहित', 'Married'),
	(2, 'अविवाहित', 'Single');
	
