INSERT INTO `form` (`id`, `form_id`, `form_name`) VALUES (1, 'MUNICIPALITY_RESIDENT_FORM', 'Municipality Residents Information Form');

INSERT INTO `options` (`id`, `option_id`, `option_text`, `question_id`) VALUES
	(2, 1, 'धारा', 18),
	(3, 2, 'इनार', 18),
	(4, 3, 'अन्य', 18),
	(5, 1, 'ढल', 19),
	(6, 2, 'सेफ्टी ट्याङ्की', 19),
	(7, 3, 'छैन', 19),
	(8, 1, 'मोटर', 20),
	(9, 2, 'मोटर साइकल', 20),
	(10, 3, 'साइकल', 20),
	(11, 4, 'अन्य', 20),
	(12, 1, 'आर. सि. सि ढलान', 21),
	(13, 2, 'माटोको छाना', 21),
	(14, 3, 'जस्ता वा च्याटर छाना', 21),
	(15, 4, 'टायल वा ढुंगाको छाना', 21),
	(16, 5, 'अन्य', 21),
	(17, 1, 'माटो वा ढुंगा', 22),
	(18, 2, 'सिमेन्ट र ढुंगा', 22),
	(19, 3, 'फ्रेम स्ट्रकचर', 22),
	(20, 4, 'लोड वायरिङ्ग', 22),
	(21, 5, 'काठको खम्बा', 22),
	(22, 6, 'अन्य', 22),
	(23, 1, 'छ', 23),
	(24, 2, 'छैन', 23),
	(25, 3, 'अन्य', 23),
	(26, 1, 'घर', 24),
	(27, 2, 'गाई वस्तु', 24),
	(28, 3, 'खेतीपाती', 24),
	(29, 4, 'मानव', 24),
	(30, 1, 'छ', 25),
	(31, 2, 'छैन', 25),
	(32, 3, 'अन्य', 25),
	(33, 1, 'छ', 26),
	(34, 2, 'छैन', 26),
	(35, 1, 'स्थानिय सरकार', 27),
	(36, 2, 'गैर-सरकारी संस्था', 27),
	(37, 3, 'गुँठि', 27),
	(38, 4, 'अन्य', 27),
	(39, 1, 'बाढि वा डुवान', 29),
	(40, 2, 'पहिरो', 29),
	(41, 3, 'आगलागी', 29),
	(42, 4, 'दुरघटना (सडक)', 29),
	(43, 5, 'भुकम्प', 29),
	(44, 6, 'धुवा-धुलो', 29),
	(45, 7, 'महामारी', 29),
	(46, 1, 'छ', 30),
	(47, 2, 'छैन', 30),
	(48, 1, 'गल्फ', 31),
	(49, 2, 'युरोप', 31),
	(50, 3, 'एशिया', 31),
	(51, 4, 'अन्य', 31),
	(52, 1, 'अष्ट्रेलिया', 32),
	(53, 2, 'यु . के .', 32),
	(54, 3, 'यु . एस . ए.', 32),
	(55, 4, 'अन्य', 32),
	(56, 1, 'दैनिक ज्यालादारी', 33),
	(57, 2, 'कलकारखाना मजदुर', 33),
	(58, 3, 'यातायात मजदुर', 33),
	(59, 4, 'उत्पादक मजदुर', 33),
	(60, 5, 'घरेलु कामदार', 33),
	(61, 6, 'अन्य', 33),
	(62, 1, 'मल बनाउने', 34),
	(63, 2, 'निजी संकलन', 34),
	(64, 3, 'महानगरको गाडीमा पठाउने', 34),
	(65, 4, 'अन्य', 34),
	(66, 1, 'बिधुत', 35),
	(67, 2, 'जेनेरेटर', 35),
	(68, 3, 'गोबर ग्याँस', 35),
	(69, 4, 'सोलार', 35),
	(70, 5, 'मट्टितेल', 35),
	(71, 6, 'इन्भटर अथवा ब्याट्री', 35),
	(72, 7, 'अन्य', 35),
	(73, 1, 'एल. पी. ग्याँस', 36),
	(74, 2, 'मट्टितेल', 36),
	(75, 3, 'दाउरा', 36),
	(76, 4, 'अन्य', 36),
	(77, 1, 'टेलिफोन', 37),
	(78, 2, 'इन्टरनेट', 37),
	(79, 3, 'मोबाईल', 37),
	(80, 4, 'टेलिभिजन', 37),
	(81, 5, 'रेडियो', 37),
	(82, 6, 'अन्य', 37),
	(83, 1, '१,००,०००/- भन्दा कम', 39),
	(84, 2, '१,००,००१/- देखि २,५०,०००/-', 39),
	(85, 3, '२,५०,००१/- देखि ४,००,०००/-', 39),
	(86, 4, '४,००,००१/- देखि ६,००,०००/-', 39),
	(87, 5, '६,००,००१/- देखि ८,००,०००/-', 39),
	(88, 6, '८,००,००१/- भन्दा माथि', 39),
	(89, 1, '१,००,०००/- भन्दा कम', 40),
	(90, 2, '१,००,००१/- देखि २,५०,०००/-', 40),
	(91, 3, '२,५०,००१/- देखि ४,००,०००/-', 40),
	(92, 4, '४,००,००१/- देखि ६,००,०००/-', 40),
	(93, 5, '६,००,००१/- देखि ८,००,०००/-', 40),
	(94, 6, '८,००,००१/- भन्दा माथि', 40),
	(95, 1, 'गाई', 41),
	(96, 2, 'भैँसी', 41),
	(97, 3, 'गोरु', 41),
	(98, 4, 'बाख्रा', 41),
	(99, 5, 'बोका', 41),
	(100, 6, 'भेडा', 41),
	(101, 7, 'च्याङग्रा', 41),
	(102, 8, 'कुकुर', 41),
	(103, 9, 'हाँस', 41),
	(104, 10, 'कुखुरा', 41),
	(105, 11, 'अन्य', 41),
	(106, 12, 'छैन', 41),
	(107, 1, '३ महिना', 42),
	(108, 2, '४-६ महिना', 42),
	(109, 3, '७-९ महिना', 42),
	(110, 4, '९ महिना भन्दा बढी', 42),
	(111, 1, 'छ', 43),
	(112, 2, 'छैन', 43),
	(113, 1, 'नागरिकता', 45),
	(114, 2, 'नाता प्रमाण-पत्र', 45),
	(115, 3, 'पास भएको घरको नक्सा', 45),
	(116, 4, 'अन्य', 45);

INSERT INTO `question` (`id`, `question_id`, `description`, `group`, `required`, `type_id`, `form_id`) VALUES
	(1, 'Owner_name', 'घरमूलीको नाम', 'Personal', 2, 3, 1),
	(2, 'Tole', 'टोल', 'Personal', 2, 3, 1),
	(3, 'House_no', 'घर नं', 'Personal', 2, 4, 1),
	(4, 'Phone_no', 'फोन नं', 'Personal', 1, 4, 1),
	(5, 'Father_name', 'बुबाको नाम', 'Personal', 2, 3, 1),
	(6, 'Mother_name', 'आमाको नाम', 'Personal', 2, 3, 1),
	(7, 'Mother_togue', 'मातृभाषा', 'Personal', 2, 3, 1),
	(8, 'Caste', 'जाति', 'Personal', 2, 3, 1),
	(9, 'Religion', 'धर्म', 'Personal', 2, 3, 1),
	(10, 'Citizenship_no', 'नागरिकता नं', 'Personal', 2, 4, 1),
	(11, 'citizenship_district', 'नागरिकता लिएको जिल्ला', 'Personal', 2, 3, 1),
	(12, 'kitta_number', 'कित्ता नं', 'House Info', 2, 4, 1),
	(13, 'house_count', 'घर संख्या', 'House Info', 2, 4, 1),
	(14, 'business', 'व्यवसाय', 'House Info', 1, 8, 1),
	(15, 'businessman', 'व्यवसायी', 'House Info', 1, 3, 1),
	(16, 'bphone_no', 'फोन नं', 'House Info', 1, 4, 1),
	(17, 'house_storey', 'घरको तल्ला', 'House Info', 2, 4, 1),
	(18, 'water', 'पानी', 'House Info', 2, 1, 1),
	(19, 'outlet', 'निकास', 'House Info', 2, 1, 1),
	(20, 'vehicle', 'सवारी साधन', 'House Info', 2, 12, 1),
	(21, 'Roof_type', 'घरको छानाको प्रकार', 'House Info', 2, 2, 1),
	(22, 'foundation_type', 'घरको जगको प्रकार', 'House Info', 2, 2, 1),
	(23, 'EQ_proof', 'घर भुकम्प प्रतिरोधात्मक', 'House Info', 2, 2, 1),
	(24, 'EQ_Effect', 'तपाईको घर वा परिवारलाई २०७२ सालको भुकम्पले के-कस्तो क्षेती पुर्यायो?', 'House Info', 2, 1, 1),
	(25, 'Re_construction', 'घर क्षती भएको भए पुनः निर्माण गर्नु भयो?', 'House Info', 1, 2, 1),
	(26, 'Risk_type', 'तपाईको घर परिवारलाई अहिले कुनै प्रकारको जोखिम छ?', 'Risk', 1, 9, 1),
	(27, 'Rescuer_first', 'जोखिमको समयमा सबैभन्दा पहिलो उद्धार कसले गरेको थियो?', 'Risk', 2, 2, 1),
	(28, 'Risk_type_5yrs', 'पछिल्लो ५ वर्षमा तपाईको घर परिवारले कस्तो किसिमका जोखिम सामना गर्नु पर्यो?', 'Risk', 1, 3, 1),
	(29, 'Risks_rating', 'तपाईको विचारमा यस क्षेत्रमा तलका मध्ये कुन-कुन जोखिमको खतरा उच्च छ? (१ देखि ७ सम्म स्तरीकरण गर्नुहोस्। १ लाई उच्च र ७ लाई न्युन जोखिम मान्नुहोस्) ', 'Risk', 2, 10, 1),
	(30, 'Risk_precautions', 'भविष्यमा हुन सक्ने जोखिम नियन्त्रणको लागि के-कस्तो पुर्व तयारी गर्नु भएको छ?', 'Risk', 1, 9, 1),
	(31, 'Foreign_employment', 'वैदेशिक रोजगार', 'Utility', 2, 12, 1),
	(32, 'Foreign_education', 'वैदेशिक अध्ययन', 'Utility', 2, 12, 1),
	(33, 'child_labour', '१६ वर्ष सम्मका बालबालिका अन्य ठाँउमा काम गर्न गएका छन्?', 'Utility', 2, 12, 1),
	(34, 'waste_management', 'घरबाट उत्पादन भएको फोहोरको ब्यबस्था', 'Utility', 2, 1, 1),
	(35, 'electricity', 'बत्ती', 'Utility', 2, 1, 1),
	(36, 'cooking_fuel', 'खाना पकाउन पर्योग हुने इन्धन', 'Utility', 2, 1, 1),
	(37, 'communication_devices', 'सञ्चार सुविधा', 'Utility', 2, 1, 1),
	(38, 'Houseland_info', 'घर जग्गाको विवरण', 'Utility', 2, 3, 1),
	(39, 'annual_income', 'वार्षिक आम्दानी', 'Economic', 2, 2, 1),
	(40, 'annual_expense', 'वार्षिक खर्च', 'Economic', 2, 2, 1),
	(41, 'cattles', 'चौपाया तथा पशुपंक्षी', 'Economic', 2, 12, 1),
	(42, 'production_lasting_time', 'आफ्नो उत्पादन तथा आय स्रोतले कति महिना खान पुग्छ?', 'Economic', 2, 2, 1),
	(43, 'skill_training', 'सिप तालिम पहिला लिनुभएको छ?', 'Economic', 2, 2, 1),
	(44, 'skill_training_in_future', 'भविष्यमा कस्तो सिप तालिम गर्नु पर्ला?', 'Economic', 2, 3, 1),
	(45, 'documents_obtained', 'कागजातहरु', 'Economic', 2, 1, 1),
	(46, 'gps_info', 'GPS co-ordinate', 'Survey Info', 2, 6, 1),
	(47, 'house_owner_photo', 'Photo of house owner', 'Survey Info', 2, 7, 1);

-- Dumping data for table ipalika.family_relation: ~15 rows (approximately)
/*!40000 ALTER TABLE `family_relation` DISABLE KEYS */;
INSERT INTO `family_relation` (`relation_id`, `relation_nepali`, `relation_english`) VALUES
	(1, 'आफु', 'self'),
	(2, 'हजुर बुबा', 'grandfather'),
	(3, 'हजुर आमा', 'grandmother'),
	(4, 'बुबा', 'father'),
	(5, 'आमा', 'mother'),
	(6, 'श्रीमान', 'husband'),
	(7, 'श्रीमती', 'wife'),
	(8, 'छोरा', 'son'),
	(9, 'छोरी', 'daughter'),
	(10, 'नाति', 'grandson'),
	(11, 'नातिनी', 'granddaughter'),
	(12, 'दाइ', 'brother(elder)'),
	(13, 'भाइ', 'brother(younger)'),
	(14, 'दिदी', 'sister(elder)'),
	(15, 'बहिनी', 'sister(younger)'),
	(16, 'बुहारी', 'daughter in law'),
	(17, 'ज्वाँइ', 'son in law'),
	(18, 'अन्य', 'other');


	INSERT INTO `academic_qualification` (`qualification_id`, `qualification_nep`, `qualification_eng`) VALUES
	(1, 'पिएचडि', 'phd'),
	(2, 'एमफिल', 'mphil'),
	(3, 'मास्टर डिग्री(स्नातकोत्तर)', 'masters'),
	(4, 'स्नातक', 'bachelors'),
	(5, 'उच्च विद्यालय', 'high school'),
	(6, 'माध्यामिक', 'secondary'),
	(7, 'तल्लो माध्यामिक', 'lower secondary'),
	(8, 'प्राथमिक', 'primary'),
	(9, 'सामान्य शिक्षा', 'literate'),
	(10, 'असाक्षर', 'Iliterate');